{
	"Case1_new_cell": {
		"comp_parent": [
			-1,
			0,
			0,
			0,
			3,
			4,
			4
		],
		"comp_start_pos": [
			[0, 0, 0],
			[0, 0, 0],
			[0, 0, 0],
			[0, 0, 0],
			[10, 0, 0],
			[30, 0, 0],
			[30, 0, 0]
		],
		"comp_end_pos": [
			[0, 0, 0],
			[0, -10, 0],
			[0, 10, 0],
			[10, 0, 0],
			[30, 0, 0],
			[40, 10, 0],
			[40, -10, 0]
		],
		"comp_midpoint": [
			[0, 0, 0],
			[0, -5, 0],
			[0, 5, 0],
			[5, 0, 0],
			[20, 0, 0],
			[35, 5, 0],
			[35, -5, 0]
		],
		"comp_midpoint_segment": [
			0,
			1,
			2,
			3,
			4,
			5,
			6
		],
		"comp_midpoint_fractionAlong": [
			1,
			0.5,
			0.5,
			0.5,
			0.5,
			0.5,
			0.5
		],
		"comp_length": [
			0,
			10,
			10,
			10,
			20,
			14.1421356,
			14.1421356
		],
		"comp_path_length_from_root": [
			0,
			5,
			5,
			5,
			20,
			37.0710678,
			37.0710678
		],
		"comp_area": [
			1256.63708,
			628.318542,
			628.318542,
			482.78418,
			251.327408,
			177.715317,
			177.715317
		],
		"comp_volume": [
			4188.79004,
			3141.59277,
			3141.59277,
			1298.52502,
			251.327408,
			177.715317,
			177.715317
		],
		"comp_capacitance": [
			12.566371,
			6.28318548,
			6.28318548,
			4.82784176,
			2.51327419,
			1.77715313,
			1.77715313
		],
		"comp_conductance_to_parent": [
			0,
			69813.1719,
			69813.1719,
			57119.8711,
			3590.3916,
			2453.73657,
			2453.73657
		],
		"mesh_vertices": [
			[-5.77350235, -5.77350235, 5.77350235],
			[-2.88675117, -6.77003193, 6.77003193],
			[-3.38501596, -3.38501596, 8.77971077],
			[-6.77003193, -2.88675117, 6.77003193],
			[-5.77350235, -5.77350235, -5.77350235],
			[-6.77003193, -2.88675117, -6.77003193],
			[-3.38501596, -3.38501596, -8.77971077],
			[-2.88675117, -6.77003193, -6.77003193],
			[-5.77350235, 5.77350235, -5.77350235],
			[-6.77003193, 6.77003193, -2.88675117],
			[-3.38501596, 8.77971077, -3.38501596],
			[-2.88675117, 6.77003193, -6.77003193],
			[-3.38501596, -8.77971077, -3.38501596],
			[-6.77003193, -6.77003193, -2.88675117],
			[5.77350235, -5.77350235, -5.77350235],
			[6.77003193, -2.88675117, -6.77003193],
			[8.77971077, -3.38501596, -3.38501596],
			[6.77003193, -6.77003193, -2.88675117],
			[-8.77971077, -3.38501596, -3.38501596],
			[-3.53553391, 0, 9.3541441],
			[-7.07106781, 0, 7.07106781],
			[-7.07106781, 0, -7.07106781],
			[-3.53553391, 0, -9.3541441],
			[-7.07106781, 7.07106781, 0],
			[-3.53553391, 9.3541441, 0],
			[-3.53553391, -9.3541441, 0],
			[-7.07106781, -7.07106781, 0],
			[9.3541441, -3.53553391, 0],
			[7.07106781, -7.07106781, 0],
			[-9.3541441, -3.53553391, 0],
			[-6.77003193, 2.88675117, 6.77003193],
			[-3.38501596, 3.38501596, 8.77971077],
			[-6.77003193, 2.88675117, -6.77003193],
			[-3.38501596, 3.38501596, -8.77971077],
			[-6.77003193, 6.77003193, 2.88675117],
			[-3.38501596, 8.77971077, 3.38501596],
			[-6.77003193, -6.77003193, 2.88675117],
			[-3.38501596, -8.77971077, 3.38501596],
			[6.77003193, -6.77003193, 2.88675117],
			[8.77971077, -3.38501596, 3.38501596],
			[-8.77971077, -3.38501596, 3.38501596],
			[-5.77350235, 5.77350235, 5.77350235],
			[-2.88675117, 6.77003193, 6.77003193],
			[5.77350235, -5.77350235, 5.77350235],
			[6.77003193, -2.88675117, 6.77003193],
			[0, -7.07106781, 7.07106781],
			[0, -3.53553391, 9.3541441],
			[0, -3.53553391, -9.3541441],
			[0, -7.07106781, -7.07106781],
			[0, 9.3541441, -3.53553391],
			[0, 7.07106781, -7.07106781],
			[0, -9.3541441, -3.53553391],
			[7.07106781, 0, -7.07106781],
			[9.3541441, 0, -3.53553391],
			[-9.3541441, 0, -3.53553391],
			[0, 0, 10],
			[0, 0, -10],
			[0, 10, 0],
			[0, -10, 0],
			[10, 0, 0],
			[-10, 0, 0],
			[0, 3.53553391, 9.3541441],
			[0, 3.53553391, -9.3541441],
			[0, 9.3541441, 3.53553391],
			[0, -9.3541441, 3.53553391],
			[9.3541441, 0, 3.53553391],
			[-9.3541441, 0, 3.53553391],
			[0, 7.07106781, 7.07106781],
			[7.07106781, 0, 7.07106781],
			[2.88675117, -6.77003193, 6.77003193],
			[3.38501596, -3.38501596, 8.77971077],
			[2.88675117, -6.77003193, -6.77003193],
			[3.38501596, -3.38501596, -8.77971077],
			[2.88675117, 6.77003193, -6.77003193],
			[3.38501596, 8.77971077, -3.38501596],
			[3.38501596, -8.77971077, -3.38501596],
			[6.77003193, 2.88675117, -6.77003193],
			[8.77971077, 3.38501596, -3.38501596],
			[-8.77971077, 3.38501596, -3.38501596],
			[3.53553391, 0, 9.3541441],
			[3.53553391, 0, -9.3541441],
			[3.53553391, 9.3541441, 0],
			[3.53553391, -9.3541441, 0],
			[9.3541441, 3.53553391, 0],
			[-9.3541441, 3.53553391, 0],
			[3.38501596, 3.38501596, 8.77971077],
			[3.38501596, 3.38501596, -8.77971077],
			[3.38501596, 8.77971077, 3.38501596],
			[3.38501596, -8.77971077, 3.38501596],
			[8.77971077, 3.38501596, 3.38501596],
			[-8.77971077, 3.38501596, 3.38501596],
			[2.88675117, 6.77003193, 6.77003193],
			[6.77003193, 2.88675117, 6.77003193],
			[5.77350235, 5.77350235, -5.77350235],
			[6.77003193, 6.77003193, -2.88675117],
			[7.07106781, 7.07106781, 0],
			[6.77003193, 6.77003193, 2.88675117],
			[5.77350235, 5.77350235, 5.77350235],
			[0, 5.96046505e-07, -10],
			[9.51056576, 1.8418848e-07, -3.09016967],
			[5.87785196, -4.82211817e-07, 8.09017086],
			[-5.87785339, -4.8221176e-07, 8.09016991],
			[-9.5105648, 1.84188579e-07, -3.09017134],
			[0, -9.99999905, -10],
			[9.51056576, -10, -3.09016967],
			[5.87785196, -10.000001, 8.09017086],
			[-5.87785339, -10.000001, 8.09016991],
			[-9.5105648, -10, -3.09017134],
			[0, 5.76697801e-07, -9.67538261],
			[9.20183563, 1.78209405e-07, -2.98985744],
			[5.68704653, -4.6655839e-07, 7.82754946],
			[-5.68704844, -4.66558305e-07, 7.8275485],
			[-9.20183563, 1.7820949e-07, -2.98985887],
			[0, 5.96046505e-07, 10],
			[9.51056576, 1.8418848e-07, 3.09016967],
			[5.87785196, -4.82211817e-07, -8.09017086],
			[-5.87785339, -4.8221176e-07, -8.09016991],
			[-9.5105648, 1.84188579e-07, 3.09017134],
			[0, 10.000001, 10],
			[9.51056576, 10, 3.09016967],
			[5.87785196, 9.99999905, -8.09017086],
			[-5.87785339, 9.99999905, -8.09016991],
			[-9.5105648, 10, 3.09017134],
			[0, 5.76697801e-07, 9.67538261],
			[9.20183563, 1.78209405e-07, 2.98985744],
			[5.68704653, -4.6655839e-07, -7.82754946],
			[-5.68704844, -4.66558305e-07, -7.8275485],
			[-9.20183563, 1.7820949e-07, 2.98985887],
			[0, 10, 0],
			[0, 3.09016967, 9.51056576],
			[0, -8.09017086, 5.87785196],
			[0, -8.09016991, -5.87785339],
			[0, 3.09017134, -9.5105648],
			[10, 2, 0],
			[10, 0.618033946, 1.90211308],
			[10, -1.61803412, 1.17557037],
			[10, -1.61803389, -1.17557073],
			[10, 0.618034244, -1.90211296],
			[0, 9.67538261, 0],
			[0, 2.98985744, 9.20183563],
			[0, -7.82754946, 5.68704653],
			[0, -7.8275485, -5.68704844],
			[0, 2.98985887, -9.20183563],
			[10, 2, 0],
			[10, 0.618033946, 1.90211308],
			[10, -1.61803412, 1.17557037],
			[10, -1.61803389, -1.17557073],
			[10, 0.618034244, -1.90211296],
			[29.1715736, 2, 0],
			[29.7440014, 0.618033946, 1.90211308],
			[29.3297882, -1.61803412, 1.17557037],
			[29.3297882, -1.61803389, -1.17557073],
			[29.7440014, 0.618034244, -1.90211296],
			[29.1715736, 1.99999976, 0],
			[29.7440014, 0.618033648, 1.90211308],
			[30.6702118, -1.61803436, 1.17557037],
			[30.6702118, -1.61803412, -1.17557073],
			[29.7440014, 0.618033767, -1.90211296],
			[38.5857849, 11.4142132, 0],
			[39.5629845, 10.4370155, 1.90211308],
			[41.1441231, 8.85587692, 1.17557037],
			[41.1441231, 8.85587692, -1.17557073],
			[39.5629845, 10.4370165, -1.90211296],
			[30.8284264, 1.99999976, 0],
			[30.2559986, 0.618033648, 1.90211308],
			[29.3297882, -1.61803436, 1.17557037],
			[29.3297882, -1.61803412, -1.17557073],
			[30.2559986, 0.618033767, -1.90211296],
			[41.4142151, -8.58578682, 0],
			[40.4370155, -9.56298447, 1.90211308],
			[38.8558769, -11.1441231, 1.17557037],
			[38.8558769, -11.1441231, -1.17557073],
			[40.4370155, -9.56298351, -1.90211296]
		],